Area,BHK,Bathroom,Parking,Price,Per_Sqft,Locality
750.0,2,2.0,1.0,5000000,6667.0,Rohini Sector 24
950.0,2,2.0,1.0,15500000,16316.0,other
600.0,2,2.0,1.0,4200000,7000.0,Rohini Sector 24
650.0,2,2.0,1.0,6200000,9538.0,other
1300.0,4,3.0,1.0,15500000,11923.0,Rohini Sector 24
1350.0,4,3.0,1.0,10000000,7407.0,Rohini Sector 24
650.0,2,2.0,1.0,4000000,6154.0,Rohini Sector 24
985.0,3,3.0,1.0,6800000,6904.0,other
1300.0,4,4.0,1.0,15000000,11538.0,other
1100.0,3,2.0,1.0,6200000,5636.0,other
630.0,2,2.0,1.0,5500000,8730.0,Rohini Sector 24
660.0,2,2.0,1.0,5000000,7576.0,Rohini Sector 24
660.0,2,2.0,1.0,4700000,7121.0,other
1150.0,3,3.0,1.0,25000000,21739.0,other
650.0,2,2.0,1.0,6000000,9231.0,Rohini Sector 24
850.0,2,2.0,1.0,11000000,12941.0,other
900.0,3,2.0,5.0,4500000,5000.0,other
430.556,1,1.0,2.0,5300000,12310.0,other
900.0,2,2.0,1.0,10500000,11667.0,other
914.9315,2,2.0,1.0,12000000,13116.0,other
1100.0,3,3.0,1.0,7000000,6364.0,other
500.0,1,1.0,1.0,3400000,6800.0,other
2160.0,4,4.0,1.0,21000000,9722.0,other
800.0,2,2.0,1.0,15000000,18750.0,other
900.0,2,2.0,1.0,10500000,11667.0,Lajpat Nagar
1080.0,3,2.0,1.0,22500000,20833.0,Lajpat Nagar
750.0,2,2.0,1.0,13600000,18133.0,other
1450.0,3,3.0,2.0,30000000,20690.0,Lajpat Nagar 3
900.0,2,2.0,1.0,13500000,15000.0,Lajpat Nagar
810.0,2,2.0,1.0,8910000,11000.0,other
1350.0,3,4.0,1.0,25000000,18519.0,Lajpat Nagar
1710.0,3,3.0,4.0,26000000,15205.0,Lajpat Nagar 2
1650.0,3,3.0,1.0,30000000,18182.0,Lajpat Nagar
1280.0,2,2.0,1.0,12500000,9766.0,Lajpat Nagar
1260.0,3,3.0,1.0,21000000,16667.0,Lajpat Nagar 3
1130.0,2,2.0,1.0,7800000,6903.0,other
600.0,2,2.0,1.0,11500000,19167.0,Lajpat Nagar
850.0,2,2.0,1.0,11500000,13529.0,other
1500.0,3,3.0,2.0,26000000,17333.0,Lajpat Nagar 2
900.0,2,2.0,2.0,13000000,14444.0,Lajpat Nagar
1000.0,3,3.0,1.0,22000000,22000.0,Lajpat Nagar
900.0,2,2.0,1.0,15800000,17556.0,Lajpat Nagar 2
2925.0,4,4.0,2.0,57500000,19658.0,Lajpat Nagar 3
900.0,2,2.0,2.0,10000000,11111.0,other
1600.0,3,3.0,2.0,30000000,18750.0,Lajpat Nagar 3
1143.0,3,3.0,2.0,22000000,19248.0,Lajpat Nagar
1150.0,3,3.0,2.0,24000000,20870.0,Lajpat Nagar
1500.0,3,3.0,1.0,31500000,21000.0,Lajpat Nagar 3
850.0,2,2.0,1.0,14600000,17176.0,Lajpat Nagar 2
8000.0,4,5.0,1.0,240000000,30000.0,Lajpat Nagar
890.0,2,2.0,1.0,8300000,9326.0,other
1100.0,3,3.0,1.0,22500000,20455.0,Lajpat Nagar
750.0,1,1.0,2.0,4600000,6133.0,other
850.0,2,1.0,2.0,1900000,2235.0,Dwarka Sector 24
1350.0,3,2.0,1.0,5130000,3800.0,Dwarka Sector 24
1387.0,4,4.0,1.0,5890000,4247.0,Dwarka Sector 24
1050.0,3,2.0,1.0,3700000,3524.0,other
1500.0,3,2.0,1.0,17400000,11600.0,other
1200.0,3,3.0,1.0,15500000,12917.0,other
700.0,2,1.0,1.0,2400000,3429.0,Dwarka Sector 24
1700.0,3,2.0,1.0,17200000,10118.0,Dwarka
1550.0,3,2.0,2.0,14200000,9161.0,other
1400.0,3,3.0,1.0,13500000,9643.0,other
1900.0,4,4.0,1.0,30000000,15789.0,other
2160.0,4,3.0,1.0,21000000,9722.0,other
1700.0,4,3.0,1.0,20500000,12059.0,other
1850.0,3,4.0,1.0,24000000,12973.0,Dwarka
1800.0,4,2.0,1.0,16500000,9167.0,other
1620.0,3,2.0,1.0,14900000,9198.0,other
1800.0,4,3.0,1.0,19200000,10667.0,other
1540.0,3,3.0,1.0,14500000,9416.0,other
1600.0,3,3.0,1.0,15600000,9750.0,Dwarka
1400.0,3,2.0,1.0,11400000,8143.0,other
2300.0,4,4.0,1.0,31500000,13696.0,Dwarka
1560.0,3,2.0,2.0,15800000,10128.0,other
1500.0,3,3.0,2.0,16000000,10667.0,Dwarka
1540.0,3,3.0,1.0,14500000,9416.0,other
1050.0,2,2.0,1.0,10500000,10000.0,Dwarka
1800.0,3,2.0,1.0,14800000,8222.0,other
400.0,1,1.0,1.0,1850000,4625.0,other
1150.0,3,2.0,1.0,6800000,5913.0,other
1525.0,3,3.0,1.0,14200000,9311.0,other
1450.0,3,3.0,2.0,37500000,25862.0,Lajpat Nagar 3
1450.0,3,3.0,2.0,30000000,20690.0,Lajpat Nagar 3
1260.0,3,3.0,2.0,21000000,16667.0,Lajpat Nagar 3
2925.0,4,4.0,2.0,57500000,19658.0,Lajpat Nagar 3
1710.0,3,3.0,1.0,30000000,17544.0,Lajpat Nagar 3
1600.0,3,3.0,1.0,30000000,18750.0,Lajpat Nagar 3
1500.0,3,3.0,1.0,31500000,21000.0,Lajpat Nagar 3
2200.0,3,3.0,1.0,30000000,13636.0,Lajpat Nagar 3
1350.0,3,3.0,1.0,41500000,30741.0,Lajpat Nagar 3
1710.0,3,3.0,1.0,24800000,14503.0,Lajpat Nagar 3
1350.0,3,3.0,2.0,35000000,25926.0,Lajpat Nagar 3
1500.0,3,3.0,1.0,40000000,26667.0,Lajpat Nagar 3
2880.0,4,5.0,1.0,46000000,15972.0,Lajpat Nagar 3
2700.0,4,4.0,2.0,55000000,20370.0,Lajpat Nagar 3
1400.0,3,3.0,1.0,24500000,17500.0,Lajpat Nagar 3
1800.0,3,3.0,1.0,24500000,13611.0,Lajpat Nagar 3
1400.0,3,3.0,1.0,32500000,23214.0,Lajpat Nagar 3
1000.0,2,2.0,1.0,20000000,20000.0,Lajpat Nagar 3
8000.0,4,5.0,1.0,240000000,30000.0,Lajpat Nagar
1000.0,2,2.0,1.0,20000000,20000.0,Lajpat Nagar 3
1700.0,3,3.0,2.0,19000000,11176.0,Lajpat Nagar 3
1600.0,3,3.0,2.0,26000000,16250.0,Lajpat Nagar 3
1350.0,3,3.0,1.0,21000000,15556.0,Lajpat Nagar 3
1700.0,3,3.0,1.0,27500000,16176.0,Lajpat Nagar 3
1400.0,3,3.0,2.0,32500000,23214.0,Lajpat Nagar 3
1450.0,3,3.0,1.0,45000000,31034.0,Lajpat Nagar 3
1350.0,3,3.0,1.0,21000000,15556.0,Lajpat Nagar 3
1700.0,3,3.0,1.0,28000000,16471.0,Lajpat Nagar 3
1600.0,3,3.0,2.0,29500000,18438.0,Lajpat Nagar 3
800.0,2,2.0,1.0,14000000,17500.0,Lajpat Nagar 2
1710.0,3,3.0,4.0,26000000,15205.0,Lajpat Nagar 2
1350.0,2,2.0,4.0,12500000,9259.0,Lajpat Nagar 2
1500.0,3,3.0,2.0,26000000,17333.0,Lajpat Nagar 2
750.0,2,2.0,2.0,11500000,15333.0,Lajpat Nagar
850.0,2,2.0,2.0,14600000,17176.0,Lajpat Nagar 2
1575.0,3,3.0,1.0,25500000,16190.0,Lajpat Nagar 2
1675.0,3,3.0,2.0,31000000,18507.0,Lajpat Nagar 2
1350.0,3,3.0,2.0,22000000,16296.0,Lajpat Nagar 2
900.0,2,2.0,2.0,13400000,14889.0,Lajpat Nagar 2
1800.0,3,3.0,2.0,35000000,19444.0,Lajpat Nagar 2
900.0,2,2.0,2.0,11000000,12222.0,Lajpat Nagar 2
900.0,2,2.0,2.0,6300000,7000.0,Lajpat Nagar
900.0,2,2.0,2.0,12500000,13889.0,Lajpat Nagar 2
800.0,2,2.0,1.0,14500000,18125.0,Lajpat Nagar 2
1100.0,2,3.0,1.0,22500000,20455.0,Lajpat Nagar 2
810.0,2,2.0,1.0,15500000,19136.0,Lajpat Nagar 2
1500.0,3,3.0,1.0,26000000,17333.0,Lajpat Nagar 2
900.0,2,2.0,1.0,15800000,17556.0,Lajpat Nagar 2
825.0,2,2.0,1.0,15000000,18182.0,Lajpat Nagar 2
900.0,2,2.0,1.0,13000000,14444.0,Lajpat Nagar 2
875.0,2,2.0,1.0,15000000,17143.0,Lajpat Nagar 2
1350.0,3,3.0,1.0,25000000,18519.0,Lajpat Nagar 2
750.0,2,2.0,1.0,16500000,22000.0,Lajpat Nagar 2
900.0,2,2.0,1.0,10300000,11444.0,Lajpat Nagar 2
1350.0,3,3.0,1.0,26000000,19259.0,Lajpat Nagar 2
900.0,2,2.0,1.0,11000000,12222.0,Lajpat Nagar 2
1800.0,3,3.0,1.0,28500000,15833.0,Lajpat Nagar 2
900.0,2,2.0,1.0,11000000,12222.0,Lajpat Nagar 2
900.0,2,1.0,1.0,11000000,12222.0,other
900.0,3,2.0,1.0,4000000,4444.0,other
450.0,1,1.0,1.0,2000000,4444.0,other
400.0,1,1.0,1.0,2000000,5000.0,other
4050.0,6,3.0,1.0,5100000,1259.0,other
2400.0,6,4.0,1.0,6000000,2500.0,other
666.0,1,2.0,1.0,3500000,5255.0,other
1000.0,2,2.0,1.0,7600000,7600.0,other
1360.0,4,3.0,1.0,13500000,9926.0,Rohini Sector 24
1550.0,4,3.0,1.0,12500000,8065.0,Rohini Sector 24
2170.0,4,4.0,2.0,22000000,10138.0,other
950.0,3,2.0,1.0,7600000,8000.0,other
2300.0,4,4.0,1.0,20000000,8696.0,other
1300.0,4,4.0,1.0,15000000,11538.0,other
1100.0,3,2.0,1.0,6200000,5636.0,other
1030.0,3,2.0,1.0,6200000,6019.0,other
350.0,1,1.0,1.0,2300000,6571.0,other
750.0,2,2.0,1.0,5000000,6667.0,Rohini Sector 24
720.0,2,2.0,1.0,4700000,6528.0,Rohini Sector 24
800.0,2,2.0,1.0,5500000,6875.0,Rohini Sector 24
350.0,1,1.0,1.0,2000000,5714.0,Rohini Sector 24
980.0,3,2.0,1.0,7300000,7449.0,Rohini Sector 24
1600.0,4,3.0,1.0,13000000,8125.0,Rohini Sector 24
1450.0,3,3.0,1.0,11500000,7931.0,Rohini Sector 24
380.0,1,1.0,1.0,2200000,5789.0,Rohini Sector 24
680.0,2,2.0,1.0,4400000,6471.0,Rohini Sector 24
1600.0,3,3.0,1.0,13500000,8438.0,Rohini Sector 24
630.0,2,2.0,1.0,4100000,6508.0,Rohini Sector 24
1500.0,3,2.0,1.0,12000000,8000.0,Rohini Sector 24
2500.0,4,3.0,1.0,15000000,6000.0,Rohini Sector 24
2800.0,5,4.0,1.0,17500000,6250.0,Rohini Sector 24
300.0,1,1.0,1.0,1900000,6333.0,Rohini Sector 24
1295.0,3,2.0,1.0,10000000,7722.0,Rohini Sector 24
350.0,1,1.0,1.0,2400000,6857.0,Rohini Sector 24
2200.0,4,4.0,1.0,23000000,10455.0,Rohini Sector 24
2300.0,4,4.0,1.0,24500000,10652.0,Rohini Sector 24
1150.0,3,2.0,1.0,10000000,8696.0,Rohini Sector 24
4688.0,5,4.0,1.0,135000000,28797.0,Patel Nagar
750.0,2,2.0,1.0,5000000,6667.0,Rohini Sector 24
3901.0,4,4.0,1.0,93000000,23840.0,Patel Nagar
950.0,3,2.0,1.0,4370000,4600.0,Uttam Nagar
1000.0,3,2.0,1.0,4620000,4620.0,Dwarka Mor
850.0,2,1.0,1.0,1900000,2235.0,Dwarka Sector 24
2400.0,4,4.0,1.0,70000000,29167.0,other
1350.0,3,2.0,1.0,5130000,3800.0,Dwarka Sector 24
1387.0,4,4.0,1.0,5890000,4247.0,Dwarka Sector 24
976.0,2,2.0,1.0,24900000,25512.0,Okhla
1050.0,3,2.0,1.0,3700000,3524.0,other
2700.0,4,3.0,1.0,60000000,22222.0,other
1500.0,3,2.0,1.0,17400000,11600.0,other
2900.0,5,5.0,1.0,51000000,17586.0,other
5025.0,5,6.0,4.0,170000000,33831.0,other
1000.0,3,2.0,1.0,5510000,5510.0,other
1135.0,3,3.0,2.0,25000000,22026.0,Karol Bagh
2306.0,3,3.0,1.0,57000000,24718.0,Patel Nagar
850.0,2,2.0,1.0,2940000,3459.0,other
1200.0,3,3.0,1.0,15500000,12917.0,other
1700.0,3,2.0,1.0,17200000,10118.0,Dwarka
1800.0,4,3.0,2.0,55000000,30556.0,other
1100.0,2,2.0,1.0,15000000,13636.0,Vasant Kunj
22050.0,4,4.0,2.0,51000000,2313.0,other
1550.0,4,3.0,1.0,13000000,8387.0,Rohini Sector 24
1600.0,3,3.0,1.0,30000000,18750.0,other
700.0,2,2.0,1.0,2400000,3429.0,other
3510.0,4,4.0,2.0,45000000,12821.0,New Friends Colony
4500.0,4,4.0,2.0,60000000,13333.0,New Friends Colony
1800.0,4,4.0,2.0,65000000,36111.0,New Friends Colony
6000.0,5,5.0,9.0,220000000,36667.0,New Friends Colony
4300.0,4,4.0,2.0,60000000,13953.0,other
1700.0,3,3.0,2.0,38500000,22647.0,New Friends Colony
2500.0,3,3.0,2.0,50000000,20000.0,New Friends Colony
4500.0,4,4.0,2.0,75000000,16667.0,New Friends Colony
2450.0,4,4.0,2.0,70000000,28571.0,New Friends Colony
10350.0,4,7.0,3.0,160000000,15459.0,New Friends Colony
4800.0,3,4.0,1.0,85000000,17708.0,New Friends Colony
1600.0,3,3.0,2.0,40000000,25000.0,New Friends Colony
3500.0,4,4.0,2.0,90000000,25714.0,New Friends Colony
2100.0,4,5.0,2.0,56000000,26667.0,New Friends Colony
4200.0,5,5.0,2.0,135500000,32262.0,New Friends Colony
1500.0,3,3.0,2.0,60000000,40000.0,New Friends Colony
8150.0,4,5.0,4.0,170000000,20859.0,New Friends Colony
2200.0,4,4.0,2.0,50000000,22727.0,other
3500.0,4,5.0,2.0,58000000,16571.0,New Friends Colony
2070.0,3,3.0,2.0,37500000,18116.0,New Friends Colony
3500.0,3,3.0,1.0,45000000,12857.0,New Friends Colony
2000.0,4,4.0,3.0,70000000,35000.0,New Friends Colony
2800.0,6,4.0,2.0,29500000,10536.0,other
2550.0,4,4.0,1.0,60000000,23529.0,New Friends Colony
4500.0,4,4.0,2.0,70000000,15556.0,New Friends Colony
1400.0,3,3.0,2.0,50000000,35714.0,New Friends Colony
2800.0,4,5.0,2.0,75000000,26786.0,New Friends Colony
2700.0,4,4.0,2.0,52500000,19444.0,New Friends Colony
4500.0,4,4.0,2.0,55000000,12222.0,New Friends Colony
7200.0,4,4.0,2.0,120000000,16667.0,New Friends Colony
2650.0,4,4.0,2.0,75000000,28302.0,Greater Kailash
2200.0,4,4.0,2.0,47500000,21591.0,Greater Kailash
3500.0,5,5.0,1.0,70000000,20000.0,Greater Kailash
2200.0,4,4.0,2.0,47500000,21591.0,Greater Kailash
2200.0,4,4.0,1.0,40000000,18182.0,Greater Kailash
3500.0,4,4.0,3.0,85000000,24286.0,Greater Kailash
1440.0,3,3.0,3.0,26000000,18056.0,Greater Kailash
3150.0,4,4.0,3.0,35000000,11111.0,Greater Kailash
900.0,2,2.0,3.0,20000000,22222.0,Greater Kailash
3690.0,4,5.0,3.0,79000000,21409.0,Greater Kailash
1200.0,3,2.0,3.0,17000000,14167.0,Greater Kailash
4500.0,4,4.0,2.0,47500000,10556.0,Greater Kailash
2799.0,4,4.0,2.0,43000000,15363.0,Greater Kailash
1350.0,3,3.0,1.0,26000000,19259.0,Greater Kailash
1200.0,3,3.0,1.0,25000000,20833.0,Greater Kailash
2177.0,4,5.0,2.0,51000000,23427.0,Greater Kailash
1500.0,3,3.0,2.0,40000000,26667.0,Greater Kailash
1600.0,3,3.0,1.0,22500000,14062.0,Greater Kailash
4500.0,4,4.0,1.0,70000000,15556.0,Greater Kailash
2150.0,4,4.0,2.0,45000000,20930.0,Greater Kailash
2107.0,4,4.0,2.0,51100000,24252.0,Greater Kailash
1150.0,3,3.0,1.0,25500000,22174.0,Greater Kailash
1240.0,3,3.0,2.0,26500000,21371.0,Greater Kailash
1000.0,2,2.0,1.0,15000000,15000.0,Greater Kailash
4500.0,4,4.0,2.0,55000000,12222.0,Greater Kailash
1150.0,3,3.0,2.0,26000000,22609.0,Greater Kailash
2000.0,4,4.0,2.0,38000000,19000.0,Greater Kailash
4500.0,4,5.0,2.0,72500000,16111.0,Greater Kailash
3000.0,4,5.0,4.0,65000000,21667.0,Greater Kailash
1350.0,4,3.0,2.0,9500000,7037.0,other
900.0,2,2.0,1.0,4500000,5000.0,Shahdara
970.0,3,2.0,1.0,6500000,6701.0,Shahdara
1000.0,3,2.0,1.0,5650000,5650.0,Shahdara
1425.0,3,3.0,1.0,9300000,6526.0,Shahdara
1017.0,2,2.0,1.0,6500000,6391.0,Shahdara
650.0,2,2.0,1.0,5800000,8923.0,other
950.0,3,2.0,1.0,5500000,5789.0,Shahdara
750.0,2,2.0,1.0,4500000,6000.0,Shahdara
990.0,2,2.0,2.0,4100000,4141.0,Shahdara
675.0,2,1.0,1.0,3300000,4889.0,Shahdara
1350.0,4,3.0,1.0,11300000,8370.0,Shahdara
846.0,2,1.0,1.0,3300000,3901.0,Shahdara
1300.0,4,3.0,1.0,11500000,8846.0,Shahdara
900.0,3,2.0,1.0,6000000,6667.0,Shahdara
1050.0,3,2.0,1.0,9000000,8571.0,other
850.0,2,2.0,1.0,4500000,5294.0,Shahdara
1650.0,4,3.0,1.0,14000000,8485.0,Shahdara
1150.0,2,2.0,1.0,7300000,6348.0,other
495.1394,1,1.0,1.0,1900000,3837.0,Shahdara
1053.0,3,2.0,4.0,7000000,6648.0,Shahdara
750.0,1,2.0,1.0,6400000,8533.0,Shahdara
747.0,2,2.0,1.0,6500000,8701.0,Shahdara
720.0,2,1.0,1.0,4000000,5556.0,Shahdara
376.7365,1,1.0,1.0,3000000,7963.0,Shahdara
1125.0,2,2.0,1.0,5000000,4444.0,Shahdara
713.0,2,2.0,1.0,6000000,8415.0,Shahdara
360.0,1,1.0,1.0,2500000,6944.0,Shahdara
900.0,2,2.0,1.0,6500000,7222.0,Shahdara
2430.0,4,3.0,1.0,25000000,10288.0,Shahdara
2475.0,3,3.0,1.0,70000000,28283.0,Shahdara
2970.0,7,4.0,1.0,26500000,8923.0,Shahdara
2250.0,3,2.0,1.0,18500000,8222.0,Shahdara
1500.0,5,3.0,1.0,30000000,20000.0,Shahdara
1512.0,2,2.0,1.0,22000000,14550.0,Shahdara
2160.0,3,3.0,1.0,65000000,30093.0,Shahdara
700.0,2,1.0,2.0,16000000,22857.0,Shahdara
850.0,2,2.0,1.0,4500000,5294.0,Shahdara
450.0,1,2.0,1.0,2700000,6000.0,Laxmi Nagar
1000.0,3,2.0,1.0,6500000,6500.0,Laxmi Nagar
990.0,3,2.0,1.0,4000000,4040.0,Laxmi Nagar
1000.0,2,2.0,1.0,7500000,7500.0,Laxmi Nagar
900.0,3,2.0,1.0,7000000,7778.0,Laxmi Nagar
675.0,2,2.0,2.0,2400000,3556.0,Laxmi Nagar
1700.0,4,3.0,2.0,11500000,6765.0,Laxmi Nagar
387.0,1,2.0,2.0,1700000,4393.0,Laxmi Nagar
1000.0,3,3.0,1.0,12500000,12500.0,other
715.0,2,2.0,1.0,5600000,7832.0,Laxmi Nagar
600.0,2,2.0,1.0,7000000,11667.0,Laxmi Nagar
900.0,3,2.0,1.0,6000000,6667.0,Laxmi Nagar
1000.0,3,2.0,1.0,6000000,6000.0,Laxmi Nagar
950.0,3,2.0,1.0,4370000,4600.0,Uttam Nagar
1000.0,3,2.0,1.0,4620000,4620.0,Dwarka Mor
1000.0,3,2.0,1.0,5510000,5510.0,other
360.0,1,1.0,1.0,1700000,4722.0,Uttam Nagar
900.0,3,2.0,1.0,2800000,3111.0,Dwarka Mor
1200.0,4,3.0,1.0,6800000,5667.0,Dwarka Mor
1000.0,3,2.0,1.0,6200000,6200.0,Uttam Nagar
620.0,2,2.0,1.0,3100000,5000.0,Uttam Nagar
805.0,2,2.0,1.0,4000000,4969.0,Uttam Nagar
729.0,2,2.0,1.0,4800000,6584.0,other
360.0,1,1.0,1.0,2000000,5556.0,Uttam Nagar
1001.0,3,2.0,1.0,5800000,5794.0,Dwarka Mor
675.0,2,1.0,1.0,2900000,4296.0,Uttam Nagar
4688.0,5,4.0,1.0,135000000,28797.0,Patel Nagar
3901.0,4,4.0,1.0,93000000,23840.0,Patel Nagar
900.0,3,2.0,1.0,9500000,10556.0,Patel Nagar West
1680.0,4,5.0,1.0,20000000,11905.0,Patel Nagar West
900.0,2,2.0,3.0,7400000,8222.0,Patel Nagar West
2000.0,3,3.0,1.0,37500000,18750.0,Patel Nagar
2000.0,4,4.0,3.0,15000000,7500.0,Patel Nagar West
1900.0,3,3.0,1.0,55300000,29105.0,Patel Nagar
1530.0,3,3.0,2.0,26500000,17320.0,Patel Nagar
900.0,3,2.0,2.0,10400000,11556.0,Patel Nagar West
950.0,2,2.0,2.0,8000000,8421.0,Patel Nagar West
1800.0,3,3.0,2.0,27000000,15000.0,Patel Nagar
1500.0,3,3.0,2.0,19500000,13000.0,Patel Nagar West
1800.0,3,3.0,3.0,50000000,27778.0,Patel Nagar
1800.0,3,3.0,3.0,21100000,11722.0,Patel Nagar West
2306.0,3,3.0,1.0,57000000,24718.0,Patel Nagar
850.0,2,3.0,1.0,5900000,6941.0,Patel Nagar West
900.0,3,2.0,1.0,12000000,13333.0,Patel Nagar West
1800.0,3,3.0,1.0,24000000,13333.0,Patel Nagar West
1782.0,3,3.0,1.0,15000000,8418.0,Patel Nagar
900.0,2,2.0,1.0,1500000,1667.0,Patel Nagar
1500.0,3,3.0,1.0,12500000,8333.0,Patel Nagar West
2000.0,4,4.0,2.0,36500000,18250.0,other
1200.0,3,2.0,1.0,20000000,16667.0,other
1100.0,2,2.0,1.0,15000000,13636.0,Vasant Kunj
1400.0,3,2.0,2.0,25000000,17857.0,Vasant Kunj
1600.0,3,2.0,2.0,18500000,11562.0,Vasant Kunj
1600.0,4,3.0,2.0,23500000,14688.0,other
600.0,1,1.0,1.0,8000000,13333.0,Vasant Kunj
1600.0,3,2.0,1.0,23000000,14375.0,other
2000.0,3,3.0,1.0,31000000,15500.0,Vasant Kunj
650.0,1,2.0,1.0,7400000,11385.0,Vasant Kunj
1100.0,2,2.0,1.0,15500000,14091.0,Vasant Kunj
1075.0,2,2.0,2.0,12000000,11163.0,Vasant Kunj
1450.0,3,2.0,2.0,23500000,16207.0,other
1200.0,3,2.0,2.0,25000000,20833.0,other
600.0,1,2.0,2.0,7000000,11667.0,Vasant Kunj
1000.0,2,2.0,1.0,17500000,17500.0,Vasant Kunj
1600.0,3,2.0,1.0,25000000,15625.0,Vasant Kunj
1750.0,4,4.0,1.0,29000000,16571.0,other
1300.0,3,3.0,1.0,21900000,16846.0,Vasant Kunj
550.0,1,2.0,1.0,7500000,13636.0,other
2200.0,4,3.0,2.0,23500000,10682.0,other
1100.0,2,2.0,2.0,24000000,21818.0,other
1700.0,3,2.0,2.0,31000000,18235.0,Vasant Kunj
1100.0,2,2.0,3.0,16500000,15000.0,Vasant Kunj
1000.0,2,2.0,1.0,5000000,5000.0,Vasant Kunj
1350.0,3,2.0,1.0,24000000,17778.0,other
1184.0,2,2.0,1.0,17000000,14358.0,Vasant Kunj
2000.0,4,2.0,1.0,40000000,20000.0,other
3500.0,4,4.0,5.0,22500000,6429.0,Vasant Kunj
900.0,3,3.0,2.0,20000000,22222.0,Vasant Kunj
4688.0,5,4.0,1.0,135000000,28797.0,Patel Nagar
750.0,2,2.0,1.0,5000000,6667.0,Rohini Sector 24
3901.0,4,4.0,1.0,93000000,23840.0,Patel Nagar
950.0,3,2.0,1.0,4370000,4600.0,Uttam Nagar
1000.0,3,2.0,1.0,4620000,4620.0,Dwarka Mor
850.0,2,1.0,1.0,1900000,2235.0,Dwarka Sector 24
2400.0,4,4.0,1.0,70000000,29167.0,other
1350.0,3,2.0,1.0,5130000,3800.0,Dwarka Sector 24
1387.0,4,4.0,1.0,5890000,4247.0,Dwarka Sector 24
976.0,2,2.0,1.0,24900000,25512.0,Okhla
1050.0,3,2.0,1.0,3700000,3524.0,other
2700.0,4,3.0,1.0,60000000,22222.0,other
1500.0,3,2.0,1.0,17400000,11600.0,other
2900.0,5,5.0,1.0,51000000,17586.0,other
5025.0,5,6.0,4.0,170000000,33831.0,other
1000.0,3,2.0,1.0,5510000,5510.0,other
1135.0,3,3.0,2.0,25000000,22026.0,Karol Bagh
2306.0,3,3.0,1.0,57000000,24718.0,Patel Nagar
850.0,2,2.0,1.0,2940000,3459.0,other
1200.0,3,3.0,1.0,15500000,12917.0,other
1700.0,3,2.0,1.0,17200000,10118.0,Dwarka
1800.0,4,3.0,2.0,55000000,30556.0,other
1100.0,2,2.0,1.0,15000000,13636.0,Vasant Kunj
22050.0,4,4.0,2.0,51000000,2313.0,other
1550.0,4,3.0,1.0,13000000,8387.0,Rohini Sector 24
1600.0,3,3.0,1.0,30000000,18750.0,other
700.0,2,2.0,1.0,2400000,3429.0,other
1750.0,4,4.0,1.0,29000000,16571.0,other
2210.0,4,3.0,1.0,41000000,18552.0,Okhla
380.0,1,1.0,1.0,2200000,5789.0,other
904.1676,2,2.0,1.0,21500000,23779.0,other
900.0,2,1.0,1.0,6200000,6889.0,other
1650.0,4,3.0,1.0,14000000,8485.0,Shahdara
1000.0,2,2.0,1.0,7500000,7500.0,Laxmi Nagar
852.0,2,2.0,1.0,2670000,3134.0,other
700.0,2,2.0,1.0,2500000,3571.0,Shahdara
990.0,3,2.0,1.0,4000000,4040.0,Laxmi Nagar
1000.0,2,2.0,1.0,5000000,5000.0,Laxmi Nagar
1700.0,4,3.0,2.0,29500000,17353.0,Saket
1350.0,3,2.0,1.0,19000000,14074.0,Saket
2100.0,4,3.0,1.0,25500000,12143.0,Saket
2600.0,4,4.0,3.0,75000000,28846.0,Saket
3000.0,4,5.0,4.0,75000000,25000.0,Saket
1450.0,3,3.0,1.0,34000000,23448.0,Saket
2050.0,4,4.0,1.0,47500000,23171.0,Saket
3000.0,4,5.0,3.0,75000000,25000.0,Saket
1800.0,3,3.0,2.0,23000000,12778.0,Saket
900.0,3,2.0,1.0,24000000,26667.0,Saket
1500.0,3,2.0,2.0,21500000,14333.0,Saket
1500.0,3,2.0,1.0,28500000,19000.0,Saket
1800.0,4,4.0,1.0,12500000,6944.0,Saket
1674.0,3,3.0,1.0,45000000,26882.0,Saket
2025.0,4,3.0,2.0,30500000,15062.0,Saket
1300.0,3,3.0,3.0,22500000,17308.0,Saket
990.0,3,3.0,1.0,28000000,28283.0,Saket
2100.0,3,4.0,2.0,25000000,11905.0,Saket
2250.0,4,4.0,2.0,33700000,14978.0,Saket
1500.0,3,3.0,1.0,27000000,18000.0,Saket
2700.0,4,4.0,2.0,43500000,16111.0,Saket
1700.0,3,3.0,2.0,29000000,17059.0,Saket
1700.0,3,3.0,2.0,30000000,17647.0,Saket
2050.0,4,4.0,2.0,52100000,25415.0,Saket
1800.0,3,3.0,1.0,32500000,18056.0,Saket
1500.0,3,2.0,1.0,20500000,13667.0,Saket
2000.0,4,3.0,1.0,25000000,12500.0,Saket
1500.0,3,3.0,2.0,30000000,20000.0,Saket
24300.0,4,5.0,2.0,51000000,2099.0,Saket
2475.0,4,4.0,1.0,31000000,12525.0,Saket
1300.0,3,3.0,1.0,32500000,25000.0,Safdarjung Enclave
1500.0,3,3.0,4.0,37500000,25000.0,Safdarjung Enclave
2100.0,4,4.0,3.0,55000000,26190.0,Safdarjung Enclave
1800.0,4,4.0,2.0,87500000,48611.0,Safdarjung Enclave
1100.0,2,2.0,1.0,16300000,14818.0,Safdarjung Enclave
2035.0,4,4.0,2.0,65000000,31941.0,Safdarjung Enclave
1100.0,3,3.0,1.0,25000000,22727.0,other
1550.0,3,3.0,1.0,38000000,24516.0,Safdarjung Enclave
700.0,2,2.0,1.0,15000000,21429.0,Safdarjung Enclave
540.0,1,1.0,1.0,3000000,5556.0,Safdarjung Enclave
810.0,2,2.0,1.0,8500000,10494.0,other
3250.0,4,4.0,1.0,55000000,16923.0,other
1600.0,3,3.0,2.0,22500000,14062.0,Safdarjung Enclave
4000.0,4,4.0,1.0,72500000,18125.0,Safdarjung Enclave
5500.0,6,7.0,1.0,160000000,29091.0,Safdarjung Enclave
900.0,3,3.0,1.0,12500000,13889.0,other
972.0,2,2.0,1.0,17000000,17490.0,Safdarjung Enclave
4150.0,4,4.0,3.0,82500000,19880.0,Safdarjung Enclave
2250.0,4,5.0,2.0,55000000,24444.0,Safdarjung Enclave
1650.0,3,3.0,1.0,35000000,21212.0,Safdarjung Enclave
2610.0,4,4.0,2.0,42500000,16284.0,other
600.0,2,2.0,1.0,4700000,7833.0,Safdarjung Enclave
1700.0,4,5.0,2.0,52500000,30882.0,Safdarjung Enclave
2250.0,4,4.0,3.0,80000000,35556.0,Safdarjung Enclave
4200.0,4,5.0,3.0,74000000,17619.0,Safdarjung Enclave
1450.0,3,3.0,1.0,37500000,25862.0,other
2200.0,4,4.0,3.0,52500000,23864.0,other
1078.0,3,2.0,1.0,15500000,14378.0,Paschim Vihar
1710.0,3,3.0,1.0,22000000,12865.0,Paschim Vihar
1150.0,3,3.0,1.0,21000000,18261.0,other
1818.0,3,3.0,1.0,22000000,12101.0,Paschim Vihar
1800.0,3,2.0,1.0,26500000,14722.0,other
780.0,2,2.0,1.0,8770000,11244.0,other
405.0,1,1.0,1.0,4500000,11111.0,other
900.0,2,3.0,1.0,8500000,9444.0,Paschim Vihar
807.2925,2,2.0,1.0,8600000,10653.0,Paschim Vihar
2700.0,4,3.0,1.0,42500000,15741.0,Paschim Vihar
1100.0,3,2.0,2.0,13100000,11909.0,Paschim Vihar
2152.78,3,3.0,2.0,30000000,13935.0,Paschim Vihar
960.0,2,2.0,2.0,13000000,13542.0,other
1800.0,4,3.0,2.0,23100000,12833.0,other
1100.0,3,2.0,1.0,16000000,14545.0,Paschim Vihar
900.0,2,2.0,1.0,12500000,13889.0,Paschim Vihar
1620.0,3,3.0,1.0,24500000,15123.0,Paschim Vihar
378.0,1,1.0,1.0,3200000,8466.0,Paschim Vihar
1350.0,3,3.0,1.0,15000000,11111.0,Paschim Vihar
1580.0,3,2.0,1.0,21000000,13291.0,Paschim Vihar
820.0,2,3.0,1.0,7500000,9146.0,Paschim Vihar
14220.0,3,3.0,1.0,27500000,1934.0,other
1500.0,3,2.0,2.0,18000000,12000.0,other
1600.0,3,3.0,1.0,15600000,9750.0,Dwarka
1650.0,3,3.0,1.0,15500000,9394.0,other
1600.0,3,3.0,1.0,15200000,9500.0,other
1900.0,3,3.0,1.0,25000000,13158.0,other
1400.0,3,2.0,1.0,15000000,10714.0,other
1550.0,3,2.0,1.0,15800000,10194.0,other
2000.0,4,3.0,1.0,31500000,15750.0,other
1500.0,3,3.0,1.0,14000000,9333.0,other
1550.0,3,2.0,1.0,13200000,8516.0,Dwarka
1600.0,3,2.0,1.0,15800000,9875.0,other
1600.0,3,3.0,1.0,16200000,10125.0,other
1800.0,3,2.0,1.0,15500000,8611.0,other
1470.0,3,2.0,1.0,14500000,9864.0,Dwarka
1500.0,3,2.0,1.0,14900000,9933.0,Dwarka
1750.0,3,3.0,1.0,17200000,9829.0,other
1650.0,3,3.0,1.0,18000000,10909.0,other
1850.0,3,2.0,1.0,15500000,8378.0,Dwarka
1480.0,3,2.0,1.0,15800000,10676.0,other
1214.0,2,2.0,1.0,12600000,10379.0,other
1380.0,3,2.0,1.0,15000000,10870.0,Dwarka
1600.0,4,2.0,1.0,19500000,12188.0,other
1585.0,3,3.0,1.0,16600000,10473.0,other
1700.0,3,3.0,1.0,17200000,10118.0,Dwarka
1200.0,2,2.0,1.0,13000000,10833.0,other
1800.0,4,3.0,1.0,16500000,9167.0,other
1000.0,2,2.0,1.0,10700000,10700.0,other
1500.0,3,2.0,1.0,16200000,10800.0,other
1700.0,3,2.0,1.0,16500000,9706.0,other
1750.0,3,2.0,1.0,14900000,8514.0,other
2700.0,4,3.0,1.0,27500000,10185.0,other
3405.0,5,5.0,3.0,70000000,20558.0,Commonwealth Games Village 2010
1500.0,3,3.0,3.0,35500000,23667.0,Commonwealth Games Village 2010
2105.0,3,3.0,3.0,42100000,20000.0,Commonwealth Games Village 2010
2500.0,4,5.0,3.0,42500000,17000.0,other
2090.0,3,4.0,2.0,44000000,21053.0,Commonwealth Games Village 2010
2525.0,4,5.0,3.0,43200000,17109.0,Commonwealth Games Village 2010
2500.0,4,4.0,2.0,52500000,21000.0,Commonwealth Games Village 2010
2100.0,3,4.0,2.0,34300000,16333.0,Commonwealth Games Village 2010
2022.0,3,3.0,2.0,38000000,18793.0,other
2650.0,4,5.0,2.0,52500000,19811.0,Commonwealth Games Village 2010
1850.0,3,3.0,2.0,37500000,20270.0,Commonwealth Games Village 2010
2100.0,3,3.0,2.0,37000000,17619.0,Commonwealth Games Village 2010
1700.0,3,4.0,2.0,40000000,23529.0,Commonwealth Games Village 2010
2105.0,3,3.0,2.0,36200000,17197.0,Commonwealth Games Village 2010
1250.0,2,3.0,1.0,29000000,23200.0,Commonwealth Games Village 2010
2552.0,4,5.0,3.0,42500000,16654.0,Commonwealth Games Village 2010
3112.0,5,6.0,3.0,60000000,19280.0,Commonwealth Games Village 2010
2125.0,3,3.0,2.0,36500000,17176.0,Commonwealth Games Village 2010
2065.0,3,4.0,2.0,42500000,20581.0,Commonwealth Games Village 2010
3405.0,5,4.0,3.0,71500000,20999.0,Commonwealth Games Village 2010
3050.0,5,5.0,3.0,65000000,21311.0,Commonwealth Games Village 2010
2300.0,5,6.0,3.0,58000000,25217.0,Commonwealth Games Village 2010
1455.0,2,2.0,2.0,27500000,18900.0,Commonwealth Games Village 2010
3400.0,5,5.0,3.0,70000000,20588.0,Commonwealth Games Village 2010
3100.0,5,5.0,3.0,65000000,20968.0,Commonwealth Games Village 2010
1400.0,2,3.0,3.0,28600000,20429.0,Commonwealth Games Village 2010
2126.0,3,3.0,2.0,39000000,18344.0,Commonwealth Games Village 2010
1815.0,3,3.0,2.0,32500000,17906.0,Commonwealth Games Village 2010
1700.0,3,3.0,2.0,34000000,20000.0,Commonwealth Games Village 2010
980.0,2,2.0,2.0,13800000,14082.0,Alaknanda
1350.0,3,3.0,2.0,21000000,15556.0,Alaknanda
1800.0,3,3.0,2.0,22500000,12500.0,Alaknanda
968.751,2,2.0,2.0,15000000,15484.0,Alaknanda
1250.0,3,3.0,2.0,20000000,16000.0,Alaknanda
1800.0,3,3.0,2.0,20000000,11111.0,Alaknanda
1400.0,3,2.0,2.0,26000000,18571.0,Alaknanda
1000.0,3,3.0,2.0,19500000,19500.0,Alaknanda
1800.0,4,2.0,1.0,21500000,11944.0,Alaknanda
1500.0,3,3.0,1.0,26500000,17667.0,Alaknanda
1600.0,3,3.0,2.0,20000000,12500.0,Alaknanda
1400.0,3,3.0,1.0,18000000,12857.0,other
1400.0,3,2.0,1.0,19000000,13571.0,Alaknanda
2700.0,4,4.0,2.0,36500000,13519.0,other
1100.0,2,2.0,2.0,15000000,13636.0,Alaknanda
1200.0,2,2.0,2.0,17500000,14583.0,Alaknanda
1400.0,2,2.0,2.0,14000000,10000.0,Alaknanda
1500.0,3,3.0,2.0,21000000,14000.0,Alaknanda
1320.0,3,2.0,2.0,15600000,11818.0,Alaknanda
1300.0,3,3.0,2.0,19000000,14615.0,other
1150.0,2,2.0,1.0,16500000,14348.0,Alaknanda
1440.0,3,3.0,1.0,19000000,13194.0,Alaknanda
1400.0,2,2.0,1.0,16500000,11786.0,Alaknanda
450.0,1,1.0,1.0,3000000,6667.0,Alaknanda
1300.0,2,2.0,1.0,15000000,11538.0,Alaknanda
1200.0,2,2.0,1.0,14300000,11917.0,Alaknanda
1300.0,3,2.0,1.0,18500000,14231.0,Alaknanda
1400.0,3,3.0,1.0,19000000,13571.0,other
1400.0,3,3.0,1.0,19000000,13571.0,Alaknanda
1500.0,3,2.0,1.0,13500000,9000.0,other
1600.0,4,2.0,2.0,15800000,9875.0,other
1600.0,4,2.0,1.0,15500000,9688.0,other
1250.0,3,2.0,2.0,16000000,12800.0,DDA Flats Sarita Vihar
950.0,2,2.0,2.0,12900000,13579.0,DDA Flats Sarita Vihar
1200.0,3,3.0,2.0,13500000,11250.0,DDA Flats Sarita Vihar
1400.0,4,2.0,2.0,17800000,12714.0,DDA Flats Sarita Vihar
950.0,2,2.0,2.0,13200000,13895.0,DDA Flats Sarita Vihar
1350.0,3,3.0,2.0,14000000,10370.0,DDA Flats Sarita Vihar
1550.0,4,2.0,2.0,17500000,11290.0,DDA Flats Sarita Vihar
1300.0,3,2.0,2.0,17000000,13077.0,DDA Flats Sarita Vihar
1000.0,2,2.0,2.0,13000000,13000.0,other
1500.0,3,3.0,2.0,17000000,11333.0,other
950.0,2,2.0,2.0,12700000,13368.0,DDA Flats Sarita Vihar
1200.0,3,2.0,2.0,13500000,11250.0,DDA Flats Sarita Vihar
1400.0,4,2.0,2.0,17400000,12429.0,DDA Flats Sarita Vihar
1500.0,4,2.0,2.0,17800000,11867.0,DDA Flats Sarita Vihar
1050.0,2,2.0,2.0,12700000,12095.0,DDA Flats Sarita Vihar
1550.0,4,2.0,2.0,16200000,10452.0,DDA Flats Sarita Vihar
950.0,2,2.0,2.0,11100000,11684.0,DDA Flats Sarita Vihar
1150.0,2,2.0,2.0,13600000,11826.0,DDA Flats Sarita Vihar
1150.0,2,2.0,2.0,13100000,11391.0,other
1150.0,2,2.0,2.0,12500000,10870.0,DDA Flats Sarita Vihar
1500.0,3,2.0,2.0,13600000,9067.0,DDA Flats Sarita Vihar
1800.0,4,4.0,2.0,12000000,6667.0,other
1300.0,3,3.0,1.0,20000000,15385.0,other
1150.0,2,2.0,1.0,13500000,11739.0,other
1500.0,3,2.0,1.0,14000000,9333.0,other
1150.0,2,2.0,2.0,10800000,9391.0,other
900.0,3,2.0,1.0,9000000,10000.0,Sultanpur
1150.0,3,2.0,1.0,6300000,5478.0,Sultanpur
1000.0,3,3.0,1.0,5500000,5500.0,other
450.0,1,1.0,1.0,2350000,5222.0,Sultanpur
1350.0,3,3.0,1.0,8500000,6296.0,Sultanpur
445.0,1,2.0,1.0,1650000,3708.0,other
1200.0,2,2.0,1.0,10000000,8333.0,Sultanpur
1100.0,2,2.0,1.0,2800000,2545.0,other
700.0,2,2.0,1.0,2600000,3714.0,other
500.0,1,1.0,1.0,2350000,4700.0,Sultanpur
540.0,1,1.0,1.0,2350000,4352.0,other
450.0,1,1.0,1.0,2000000,4444.0,Sultanpur
800.0,2,2.0,1.0,5000000,6250.0,Sultanpur
700.0,2,2.0,1.0,3500000,5000.0,Sultanpur
750.0,2,2.0,1.0,4500000,6000.0,Sultanpur
750.0,2,2.0,1.0,4000000,5333.0,Sultanpur
1600.0,3,3.0,1.0,10800000,6750.0,Sultanpur
1000.0,3,2.0,1.0,10000000,10000.0,Sultanpur
1600.0,3,3.0,1.0,10800000,6750.0,Sultanpur
900.0,3,2.0,1.0,9000000,10000.0,Sultanpur
1700.0,3,3.0,1.0,8500000,5000.0,Sultanpur
1100.0,3,2.0,1.0,6000000,5455.0,Sultanpur
1000.0,3,3.0,1.0,5500000,5500.0,Sultanpur
1000.0,3,2.0,1.0,7000000,7000.0,Sultanpur
1100.0,3,2.0,1.0,6000000,5455.0,Sultanpur
900.0,2,2.0,1.0,3100000,3444.0,other
600.0,2,2.0,1.0,4500000,7500.0,Sultanpur
360.0,1,1.0,1.0,1500000,4167.0,other
3600.0,2,2.0,1.0,4500000,1250.0,other
1305.0,4,3.0,1.0,5500000,4215.0,Chhattarpur
1800.0,3,4.0,2.0,63000000,35000.0,Chhattarpur
950.0,3,2.0,2.0,6990000,7358.0,Chhattarpur
800.0,2,2.0,1.0,4400000,5500.0,Chhattarpur
1800.0,4,4.0,1.0,12500000,6944.0,other
800.0,2,2.0,1.0,3000000,3750.0,Chhattarpur
675.0,2,2.0,1.0,2800000,4148.0,Chhattarpur
1175.0,3,3.0,4.0,5000000,4255.0,Chhattarpur
1500.0,3,3.0,4.0,6000000,4000.0,Chhattarpur
810.0,2,2.0,4.0,4500000,5556.0,Chhattarpur
630.0,2,2.0,1.0,2800000,4444.0,other
650.0,2,2.0,1.0,2500000,3846.0,Chhattarpur
1800.0,4,4.0,1.0,8500000,4722.0,other
725.0,2,2.0,1.0,3000000,4138.0,Chhattarpur
900.0,3,2.0,1.0,4900000,5444.0,Chhattarpur
750.0,2,2.0,1.0,3500000,4667.0,Chhattarpur
700.0,2,2.0,1.0,3000000,4286.0,other
950.0,3,2.0,1.0,7020000,7389.0,Chhattarpur
1600.0,3,4.0,1.0,60000000,37500.0,Chhattarpur
900.0,2,2.0,1.0,3500000,3889.0,Chhattarpur
1500.0,3,3.0,1.0,7000000,4667.0,Chhattarpur
1035.0,3,3.0,1.0,4500000,4348.0,other
1300.0,3,3.0,1.0,4400000,3385.0,Chhattarpur
765.0,2,2.0,4.0,2500000,3268.0,Chhattarpur
580.0,1,1.0,1.0,1600000,2759.0,other
1750.0,3,3.0,1.0,6500000,3714.0,other
850.0,2,2.0,1.0,2800000,3294.0,Mehrauli
405.0,1,1.0,1.0,1800000,4444.0,Mehrauli
1350.0,3,3.0,1.0,8500000,6296.0,Mehrauli
1350.0,3,3.0,1.0,8500000,6296.0,Mehrauli
450.0,1,1.0,1.0,1700000,3778.0,Mehrauli
1300.0,3,3.0,2.0,7000000,5385.0,other
1050.0,3,2.0,2.0,5600000,5333.0,Mehrauli
1675.0,4,3.0,2.0,13500000,8060.0,Mehrauli
1250.0,3,3.0,2.0,8500000,6800.0,Mehrauli
1080.0,3,3.0,5.0,6000000,5556.0,Mehrauli
1170.0,3,3.0,5.0,7200000,6154.0,Mehrauli
1250.0,3,2.0,1.0,6500000,5200.0,other
1500.0,3,3.0,1.0,8400000,5600.0,Mehrauli
1350.0,3,3.0,1.0,8500000,6296.0,Mehrauli
855.0,2,2.0,1.0,4000000,4678.0,Mehrauli
540.0,1,1.0,1.0,1700000,3148.0,Mehrauli
1044.0983,3,2.0,1.0,6000000,5747.0,Mehrauli
405.0,1,1.0,1.0,1600000,3951.0,Mehrauli
500.0,1,2.0,1.0,2100000,4200.0,Mehrauli
450.0,1,1.0,1.0,1700000,3778.0,Mehrauli
405.0,1,1.0,1.0,1500000,3704.0,Mehrauli
405.0,1,1.0,1.0,1200000,2963.0,Mehrauli
450.0,1,1.0,1.0,1650000,3667.0,Mehrauli
1100.0,3,2.0,1.0,8500000,7727.0,Mehrauli
600.0,2,2.0,1.0,3200000,5333.0,Mehrauli
1100.0,3,2.0,1.0,7500000,6818.0,Mahavir Enclave Part 1
1100.0,3,2.0,1.0,6500000,5909.0,Mahavir Enclave
1000.0,2,2.0,1.0,6500000,6500.0,other
1000.0,3,2.0,1.0,6200000,6200.0,Mahavir Enclave Part 1
450.0,1,1.0,1.0,2500000,5556.0,Mahavir Enclave Part 1
600.0,2,2.0,1.0,3000000,5000.0,Mahavir Enclave
950.0,3,2.0,1.0,6000000,6316.0,Mahavir Enclave Part 1
770.0,2,2.0,1.0,3790000,4922.0,Mahavir Enclave
710.0,2,2.0,1.0,2900000,4085.0,Mahavir Enclave
950.0,3,2.0,1.0,5000000,5263.0,Mahavir Enclave Part 1
450.0,1,1.0,1.0,2100000,4667.0,Mahavir Enclave Part 1
600.0,2,1.0,1.0,3000000,5000.0,Mahavir Enclave Part 1
420.0,1,1.0,1.0,2300000,5476.0,Mahavir Enclave Part 1
900.0,3,2.0,1.0,5900000,6556.0,Mahavir Enclave Part 1
945.0,3,2.0,1.0,5500000,5820.0,Mahavir Enclave Part 1
430.0,1,1.0,1.0,1850000,4302.0,Mahavir Enclave
378.0,1,2.0,2.0,1500000,3968.0,other
450.0,1,1.0,2.0,2200000,4889.0,Narela
900.0,2,2.0,2.0,3800000,4222.0,Narela
360.0,1,1.0,1.0,1800000,5000.0,other
350.0,1,1.0,3.0,2500000,7143.0,Narela
365.0,1,1.0,39.0,3500000,9589.0,Narela
390.0,1,1.0,39.0,2000000,5128.0,Narela
350.0,1,1.0,39.0,3000000,8571.0,Narela
500.0,1,1.0,39.0,1800000,3600.0,Narela
350.0,1,1.0,39.0,1600000,4571.0,Narela
379.0,1,1.0,1.0,1600000,4222.0,Narela
445.0,1,1.0,1.0,1500000,3371.0,other
350.0,1,1.0,1.0,1490000,4257.0,Narela
437.0,1,1.0,1.0,3500000,8009.0,Narela
900.0,2,2.0,1.0,4600000,5111.0,other
350.0,1,1.0,1.0,1800000,5143.0,Narela
4900.0,1,1.0,1.0,1000000,204.0,Narela
2077.4327,1,1.0,1.0,1000000,481.0,Narela
990.0,3,2.0,1.0,5000000,5051.0,Narela
425.0,1,1.0,1.0,2200000,5176.0,Narela
1400.0,3,3.0,2.0,34000000,24286.0,Malviya Nagar
3600.0,4,4.0,3.0,60000000,16667.0,Malviya Nagar
3000.0,4,5.0,4.0,74500000,24833.0,Malviya Nagar
2750.0,4,5.0,2.0,75000000,27273.0,Malviya Nagar
2050.0,4,4.0,2.0,62500000,30488.0,Malviya Nagar
3000.0,4,4.0,2.0,67000000,22333.0,other
850.0,2,2.0,2.0,8500000,10000.0,Malviya Nagar
750.0,2,2.0,2.0,11500000,15333.0,Malviya Nagar
2600.0,4,5.0,3.0,52500000,20192.0,other
800.0,2,2.0,1.0,12000000,15000.0,Malviya Nagar
700.0,2,2.0,1.0,9000000,12857.0,Malviya Nagar
2316.0,3,4.0,1.0,100000000,43178.0,Malviya Nagar
900.0,3,2.0,1.0,6200000,6889.0,Malviya Nagar
900.0,2,3.0,2.0,12500000,13889.0,other
1500.0,2,2.0,3.0,13000000,8667.0,Malviya Nagar
2000.0,4,4.0,2.0,36000000,18000.0,Malviya Nagar
500.0,1,1.0,2.0,2300000,4600.0,Malviya Nagar
1125.0,2,2.0,2.0,8100000,7200.0,Malviya Nagar
1300.0,3,3.0,1.0,10000000,7692.0,Malviya Nagar
2500.0,4,5.0,1.0,62500000,25000.0,Malviya Nagar
2200.0,4,5.0,2.0,65000000,29545.0,Malviya Nagar
1290.0,3,2.0,2.0,20000000,15504.0,Malviya Nagar
2250.0,4,4.0,2.0,57500000,25556.0,Malviya Nagar
1350.0,3,3.0,2.0,30000000,22222.0,Malviya Nagar
1400.0,3,3.0,1.0,30000000,21429.0,Malviya Nagar
1700.0,3,3.0,2.0,30000000,17647.0,Malviya Nagar
400.0,1,1.0,1.0,3500000,8750.0,Dilshad Garden
650.0,2,2.0,1.0,6500000,10000.0,Dilshad Garden
900.0,2,2.0,2.0,6900000,7667.0,Dilshad Garden
400.0,1,1.0,1.0,3600000,9000.0,Dilshad Garden
900.0,3,2.0,2.0,13500000,15000.0,Dilshad Garden
1000.0,3,2.0,1.0,9200000,9200.0,Dilshad Garden
405.0,1,1.0,1.0,2500000,6173.0,Dilshad Garden
1700.0,3,2.0,1.0,17000000,10000.0,Dilshad Garden
1076.39,3,2.0,10.0,9300000,8640.0,Dilshad Garden
750.0,2,1.0,2.0,6500000,8667.0,Dilshad Garden
370.0,1,1.0,2.0,2400000,6486.0,Dilshad Garden
1800.0,3,3.0,1.0,15000000,8333.0,Dilshad Garden
1080.0,3,1.0,1.0,7000000,6481.0,Dilshad Garden
350.0,1,1.0,1.0,4200000,12000.0,Dilshad Garden
900.0,3,2.0,1.0,4800000,5333.0,Dilshad Garden
800.0,2,2.0,1.0,7500000,9375.0,Dilshad Garden
350.0,1,1.0,1.0,3000000,8571.0,Dilshad Garden
430.556,1,1.0,1.0,4300000,9987.0,Dilshad Garden
500.0,1,1.0,1.0,2600000,5200.0,Dilshad Garden
1450.0,2,2.0,1.0,7000000,4828.0,Dilshad Garden
800.0,2,2.0,1.0,6000000,7500.0,Dilshad Garden
1000.0,2,2.0,1.0,6700000,6700.0,Dilshad Garden
1000.0,3,3.0,1.0,9500000,9500.0,Dilshad Garden
1600.0,3,2.0,1.0,17000000,10625.0,Dilshad Garden
1500.0,3,3.0,1.0,12000000,8000.0,Vasundhara Enclave
1050.0,2,2.0,1.0,9000000,8571.0,Vasundhara Enclave
1300.0,3,2.0,2.0,11500000,8846.0,Vasundhara Enclave
1600.0,4,3.0,1.0,20000000,12500.0,other
900.0,2,2.0,1.0,8550000,9500.0,other
1350.0,4,4.0,1.0,10500000,7778.0,Vasundhara Enclave
1000.0,3,2.0,2.0,12000000,12000.0,Vasundhara Enclave
1400.0,3,2.0,1.0,11000000,7857.0,Vasundhara Enclave
975.0,3,2.0,1.0,12000000,12308.0,Vasundhara Enclave
900.0,2,2.0,114.0,9000000,10000.0,Vasundhara Enclave
1100.0,2,2.0,114.0,10000000,9091.0,Vasundhara Enclave
950.0,2,2.0,114.0,8100000,8526.0,Vasundhara Enclave
1300.0,3,3.0,1.0,9200000,7077.0,Vasundhara Enclave
1459.0,3,3.0,1.0,14200000,9733.0,Vasundhara Enclave
1000.0,2,2.0,1.0,7500000,7500.0,Vasundhara Enclave
1100.0,2,2.0,1.0,9500000,8636.0,Vasundhara Enclave
1450.0,3,2.0,1.0,14000000,9655.0,Vasundhara Enclave
1450.0,3,3.0,1.0,11600000,8000.0,Vasundhara Enclave
1150.0,3,3.0,1.0,12000000,10435.0,Vasundhara Enclave
780.0,2,2.0,1.0,7500000,9615.0,Vasundhara Enclave
1300.0,3,2.0,2.0,9800000,7538.0,Vasundhara Enclave
1350.0,3,3.0,1.0,12000000,8889.0,Vasundhara Enclave
1200.0,3,2.0,1.0,12500000,10417.0,Vasundhara Enclave
1460.0,3,3.0,1.0,16500000,11301.0,Vasundhara Enclave
1460.0,3,3.0,1.0,12000000,8219.0,Vasundhara Enclave
1100.0,2,2.0,1.0,7200000,6545.0,Vasundhara Enclave
1500.0,3,3.0,2.0,15000000,10000.0,Vasundhara Enclave
1050.0,2,2.0,1.0,10000000,9524.0,Vasundhara Enclave
1350.0,3,3.0,1.0,11000000,8148.0,Vasundhara Enclave
1500.0,2,2.0,2.0,24700000,16467.0,Okhla
976.0,2,2.0,2.0,24900000,25512.0,Okhla
450.0,1,1.0,1.0,1700000,3778.0,Okhla
900.0,2,2.0,1.0,11000000,12222.0,Okhla
2500.0,4,4.0,2.0,75000000,30000.0,Okhla
979.5149,2,2.0,1.0,24800000,25319.0,other
945.0,2,2.0,1.0,24900000,26349.0,other
976.0,2,2.0,2.0,24900000,25512.0,other
1531.0,2,2.0,2.0,25900000,16917.0,Okhla
1000.0,2,2.0,2.0,11700000,11700.0,Okhla
900.0,3,2.0,1.0,5500000,6111.0,Okhla
1512.0,2,2.0,1.0,30000000,19841.0,Okhla
1500.0,3,2.0,1.0,16000000,10667.0,Okhla
2907.0,4,4.0,1.0,30000000,10320.0,Okhla
2210.0,4,3.0,1.0,41000000,18552.0,Okhla
750.0,2,2.0,1.0,3800000,5067.0,Okhla
2518.7526,4,5.0,2.0,68900000,27355.0,other
1100.0,3,3.0,2.0,12500000,11364.0,Okhla
1260.0,3,2.0,1.0,7000000,5556.0,Okhla
675.0,2,2.0,1.0,3100000,4593.0,Okhla
810.0,2,2.0,1.0,14500000,17901.0,Okhla
3150.0,4,5.0,3.0,61500000,19524.0,Okhla
2000.0,4,4.0,1.0,27500000,13750.0,Okhla
1775.0,3,3.0,1.0,25500000,14366.0,Karol Bagh
1135.0,3,3.0,2.0,25000000,22026.0,Karol Bagh
1252.0,2,2.0,1.0,18500000,14776.0,Karol Bagh
2000.0,4,4.0,1.0,39700000,19850.0,Karol Bagh
1332.0,3,2.0,1.0,6540000,4910.0,other
1017.0,3,3.0,1.0,22000000,21632.0,Karol Bagh
1775.0,3,3.0,1.0,25500000,14366.0,Karol Bagh
987.0,2,2.0,1.0,17000000,17224.0,Karol Bagh
1912.0,3,3.0,1.0,27500000,14383.0,Karol Bagh
5236.0,5,7.0,3.0,73700000,14076.0,Karol Bagh
2805.0,4,4.0,2.0,52300000,18645.0,Karol Bagh
1500.0,3,3.0,2.0,16000000,10667.0,other
1280.0,3,3.0,2.0,15000000,11719.0,Karol Bagh
1775.0,3,3.0,1.0,25500000,14366.0,Karol Bagh
675.0,2,2.0,1.0,10000000,14815.0,Karol Bagh
1206.0,3,3.0,1.0,20000000,16584.0,Karol Bagh
1143.0,2,2.0,1.0,16000000,13998.0,other
345.0,1,1.0,1.0,5500000,15942.0,Karol Bagh
720.0,2,1.0,1.0,7000000,9722.0,Karol Bagh
1600.0,3,3.0,1.0,24000000,15000.0,other
950.0,2,2.0,1.0,12500000,13158.0,other
1200.0,3,2.0,1.0,14500000,12083.0,Karol Bagh
1501.0,3,2.0,1.0,20000000,13324.0,Karol Bagh
1135.0,3,3.0,2.0,24500000,21586.0,Karol Bagh
1200.0,3,2.0,1.0,20900000,17417.0,Karol Bagh
2200.0,3,3.0,1.0,43100000,19591.0,Karol Bagh
1240.0,3,3.0,1.0,18000000,14516.0,DLF Capital Greens
3002.0,4,5.0,2.0,50000000,16656.0,DLF Capital Greens
1350.0,3,2.0,1.0,18500000,13704.0,Kirti Nagar
2300.0,4,5.0,3.0,46500000,20217.0,Kirti Nagar
1429.0,3,3.0,2.0,17500000,12246.0,Kirti Nagar
2430.0,4,5.0,2.0,42500000,17490.0,Kirti Nagar
1450.0,3,3.0,2.0,15500000,10690.0,DLF Capital Greens
1250.0,2,2.0,2.0,15000000,12000.0,DLF Capital Greens
2800.0,4,4.0,2.0,40000000,14286.0,DLF Capital Greens
1646.0,3,3.0,1.0,20000000,12151.0,DLF Capital Greens
900.0,2,2.0,1.0,6700000,7444.0,Kirti Nagar
1250.0,3,2.0,1.0,16000000,12800.0,DLF Capital Greens
900.0,3,2.0,1.0,8000000,8889.0,Kirti Nagar
1590.0,3,2.0,2.0,25000000,15723.0,DLF Capital Greens
990.0,3,2.0,2.0,25000000,25253.0,Kirti Nagar
2282.0,4,5.0,2.0,37500000,16433.0,DLF Capital Greens
1260.0,3,3.0,1.0,25000000,19841.0,DLF Capital Greens
1457.0,3,3.0,1.0,23000000,15786.0,Kirti Nagar
1400.0,3,2.0,2.0,17500000,12500.0,Kirti Nagar
2175.0,4,4.0,1.0,44000000,20230.0,DLF Capital Greens
1450.0,3,3.0,2.0,15000000,10345.0,DLF Capital Greens
2800.0,4,5.0,2.0,42500000,15179.0,DLF Capital Greens
861.112,2,2.0,2.0,5000000,5806.0,Kirti Nagar
2282.0,4,5.0,2.0,38000000,16652.0,DLF Capital Greens
1753.0,3,3.0,1.0,19000000,10839.0,DLF Capital Greens
2659.0,4,5.0,3.0,43500000,16360.0,Kirti Nagar
1550.0,3,2.0,3.0,19500000,12581.0,Kirti Nagar
1470.0,3,2.0,2.0,14200000,9660.0,DLF Capital Greens
1138.0,2,2.0,2.0,13500000,11863.0,Kirti Nagar
1600.0,3,3.0,2.0,21000000,13125.0,Sheikh Sarai Phase 1
1600.0,3,3.0,1.0,22500000,14062.0,Sheikh Sarai Phase 1
1250.0,2,4.0,1.0,19000000,15200.0,Sheikh Sarai
1700.0,3,3.0,2.0,8000000,4706.0,Sheikh Sarai
1800.0,3,4.0,2.0,19000000,10556.0,Sheikh Sarai Phase 1
600.0,1,1.0,2.0,7000000,11667.0,other
1250.0,3,3.0,1.0,5800000,4640.0,Sheikh Sarai
1600.0,3,4.0,1.0,18800000,11750.0,Sheikh Sarai Phase 1
1100.0,3,2.0,1.0,6000000,5455.0,Sheikh Sarai
450.0,1,1.0,1.0,2200000,4889.0,Sheikh Sarai
1291.668,3,2.0,1.0,23500000,18194.0,Sheikh Sarai Phase 1
1300.0,2,2.0,2.0,16000000,12308.0,Sheikh Sarai Phase 1
1350.0,3,3.0,2.0,20000000,14815.0,Sheikh Sarai Phase 1
900.0,2,2.0,2.0,5500000,6111.0,Sheikh Sarai Phase 1
850.0,2,2.0,1.0,13500000,15882.0,Sheikh Sarai Phase 1
1650.0,3,3.0,1.0,22500000,13636.0,Sheikh Sarai Phase 1
650.0,2,2.0,1.0,3800000,5846.0,Sheikh Sarai
630.0,2,2.0,1.0,4600000,7302.0,other
1250.0,2,1.0,2.0,17500000,14000.0,Sheikh Sarai Phase 1
1800.0,4,3.0,2.0,5500000,3056.0,Sheikh Sarai
1500.0,3,3.0,2.0,22500000,15000.0,Sheikh Sarai Phase 1
1100.0,2,2.0,1.0,12500000,11364.0,Sheikh Sarai Phase 1
1400.0,3,2.0,2.0,19000000,13571.0,Sheikh Sarai Phase 1
1300.0,2,2.0,2.0,15500000,11923.0,Sheikh Sarai Phase 1
1100.0,2,2.0,2.0,13500000,12273.0,Sheikh Sarai Phase 1
1600.0,3,3.0,2.0,21000000,13125.0,Sheikh Sarai Phase 1
2250.0,4,4.0,2.0,50000000,22222.0,Punjabi Bagh West
2592.0,4,3.0,2.0,42500000,16397.0,Punjabi Bagh
1800.0,4,4.0,2.0,45500000,25278.0,Punjabi Bagh West
1700.0,3,3.0,2.0,23000000,13529.0,Punjabi Bagh
1640.0,3,3.0,1.0,12000000,7317.0,Punjabi Bagh West
2572.0,3,3.0,4.0,35000000,13608.0,Punjabi Bagh West
2100.0,3,3.0,1.0,25000000,11905.0,other
1620.0,3,3.0,1.0,29000000,17901.0,Punjabi Bagh
2500.0,4,4.0,2.0,80000000,32000.0,Punjabi Bagh West
2250.0,3,3.0,2.0,20500000,9111.0,Punjabi Bagh West
2445.0,4,4.0,1.0,52500000,21472.0,other
2250.0,4,4.0,2.0,37500000,16667.0,Punjabi Bagh
800.0,2,2.0,2.0,7500000,9375.0,Punjabi Bagh West
1450.0,3,3.0,2.0,32500000,22414.0,Punjabi Bagh
1440.0,3,3.0,2.0,24500000,17014.0,Punjabi Bagh
5220.0,5,5.0,2.0,65000000,12452.0,Punjabi Bagh West
1800.0,3,3.0,2.0,27500000,15278.0,Punjabi Bagh
4455.0,5,5.0,1.0,115000000,25814.0,Punjabi Bagh West
807.2925,2,1.0,1.0,8000000,9910.0,Punjabi Bagh
3500.0,4,4.0,3.0,75100000,21457.0,Punjabi Bagh West
1000.0,2,2.0,1.0,7800000,7800.0,other
900.0,2,2.0,1.0,15000000,16667.0,Punjabi Bagh
1800.0,3,3.0,1.0,27500000,15278.0,other
17010.0,3,3.0,2.0,25000000,1470.0,Punjabi Bagh West
2340.0,4,4.0,1.0,26000000,11111.0,other
1350.0,3,3.0,1.0,23500000,17407.0,other
954.0,2,2.0,1.0,10000000,10482.0,other
1155.0,2,2.0,1.0,18500000,16017.0,Punjabi Bagh
980.0,2,2.0,2.0,13800000,14082.0,Alaknanda
1350.0,3,3.0,2.0,21000000,15556.0,Alaknanda
1800.0,3,3.0,2.0,22500000,12500.0,Alaknanda
968.751,2,2.0,2.0,15000000,15484.0,Alaknanda
1250.0,3,3.0,2.0,20000000,16000.0,Alaknanda
1800.0,3,3.0,2.0,20000000,11111.0,Alaknanda
1400.0,3,2.0,2.0,26000000,18571.0,Alaknanda
1000.0,3,3.0,2.0,19500000,19500.0,Alaknanda
1800.0,4,2.0,1.0,21500000,11944.0,Alaknanda
1500.0,3,3.0,1.0,26500000,17667.0,Alaknanda
1600.0,3,3.0,2.0,20000000,12500.0,Alaknanda
1400.0,3,3.0,1.0,18000000,12857.0,other
1400.0,3,2.0,1.0,19000000,13571.0,Alaknanda
2700.0,4,4.0,2.0,36500000,13519.0,other
1100.0,2,2.0,2.0,15000000,13636.0,Alaknanda
1200.0,2,2.0,2.0,17500000,14583.0,Alaknanda
1400.0,2,2.0,2.0,14000000,10000.0,Alaknanda
1500.0,3,3.0,2.0,21000000,14000.0,Alaknanda
1320.0,3,2.0,2.0,15600000,11818.0,Alaknanda
1300.0,3,3.0,2.0,19000000,14615.0,other
1150.0,2,2.0,1.0,16500000,14348.0,Alaknanda
1440.0,3,3.0,1.0,19000000,13194.0,Alaknanda
1400.0,2,2.0,1.0,16500000,11786.0,Alaknanda
450.0,1,1.0,1.0,3000000,6667.0,Alaknanda
1300.0,2,2.0,1.0,15000000,11538.0,Alaknanda
1200.0,2,2.0,1.0,14300000,11917.0,Alaknanda
1300.0,3,2.0,1.0,18500000,14231.0,Alaknanda
1400.0,3,3.0,1.0,19000000,13571.0,other
1400.0,3,3.0,1.0,19000000,13571.0,Alaknanda
700.0,2,2.0,1.0,3800000,5429.0,Kalkaji
900.0,3,3.0,1.0,7000000,7778.0,Kalkaji
1260.0,3,3.0,2.0,16500000,13095.0,Kalkaji
950.0,3,2.0,1.0,8000000,8421.0,Kalkaji
405.0,1,1.0,1.0,5600000,13827.0,Kalkaji
1800.0,2,2.0,1.0,21000000,11667.0,Kalkaji
1300.0,3,3.0,2.0,21000000,16154.0,Kalkaji
1000.0,3,3.0,2.0,8600000,8600.0,Kalkaji
900.0,3,2.0,2.0,6600000,7333.0,other
1800.0,3,3.0,2.0,14000000,7778.0,Kalkaji
720.0,2,2.0,2.0,4700000,6528.0,Kalkaji
1485.0,3,3.0,1.0,30000000,20202.0,Kalkaji
1600.0,3,3.0,2.0,26000000,16250.0,Kalkaji
1200.0,2,2.0,2.0,18500000,15417.0,Kalkaji
900.0,2,2.0,2.0,6500000,7222.0,Kalkaji
900.0,2,2.0,2.0,15000000,16667.0,Kalkaji
800.0,2,2.0,1.0,8000000,10000.0,other
1150.0,2,3.0,2.0,16100000,14000.0,Kalkaji
900.0,3,3.0,1.0,6800000,7556.0,Kalkaji
1070.0,3,2.0,1.0,6800000,6355.0,other
1050.0,2,2.0,1.0,9000000,8571.0,other
1000.0,2,2.0,1.0,18000000,18000.0,other
1550.0,3,3.0,2.0,27500000,17742.0,Kalkaji
1300.0,3,2.0,1.0,13500000,10385.0,other
810.0,2,2.0,1.0,14000000,17284.0,Kalkaji
900.0,2,2.0,1.0,9000000,10000.0,Kalkaji
1200.0,2,2.0,1.0,16000000,13333.0,Kalkaji
1000.0,2,3.0,1.0,11000000,11000.0,other
720.0,2,2.0,1.0,5500000,7639.0,Kalkaji
1700.0,3,4.0,2.0,45000000,26471.0,Hauz Khas
1800.0,3,3.0,2.0,43500000,24167.0,Hauz Khas
6000.0,5,5.0,3.0,180000000,30000.0,other
1800.0,4,4.0,2.0,80000000,44444.0,Hauz Khas
2000.0,3,3.0,2.0,37500000,18750.0,Hauz Khas
2066.0,4,4.0,2.0,60000000,29042.0,Hauz Khas
2050.0,3,3.0,2.0,71000000,34634.0,Hauz Khas
1100.0,3,3.0,2.0,18500000,16818.0,Hauz Khas
4500.0,4,4.0,2.0,70000000,15556.0,Hauz Khas
4500.0,4,5.0,2.0,85000000,18889.0,Hauz Khas
6500.0,4,5.0,3.0,190000000,29231.0,Hauz Khas
4350.0,4,6.0,2.0,135000000,31034.0,Hauz Khas
1750.0,3,3.0,2.0,35000000,20000.0,Hauz Khas
3600.0,4,4.0,2.0,65000000,18056.0,Hauz Khas
1200.0,2,2.0,1.0,27500000,22917.0,Hauz Khas
1500.0,3,4.0,2.0,45000000,30000.0,Hauz Khas
2250.0,4,4.0,3.0,100000000,44444.0,Hauz Khas
1800.0,3,4.0,2.0,47000000,26111.0,Hauz Khas
1600.0,3,4.0,2.0,27500000,17188.0,Hauz Khas
2800.0,4,5.0,3.0,70000000,25000.0,Hauz Khas
1700.0,3,3.0,1.0,36500000,21471.0,other
2400.0,4,5.0,1.0,65000000,27083.0,Hauz Khas
1980.0,3,4.0,1.0,35000000,17677.0,Hauz Khas
2100.0,4,5.0,1.0,56000000,26667.0,Hauz Khas
5400.0,4,4.0,2.0,110000000,20370.0,Hauz Khas
1250.0,3,3.0,1.0,24000000,19200.0,Hauz Khas
2300.0,4,4.0,1.0,102500000,44565.0,Hauz Khas
2700.0,4,4.0,2.0,100000000,37037.0,Hauz Khas
1450.0,3,3.0,1.0,45000000,31034.0,Hauz Khas
1250.0,3,3.0,1.0,25500000,20400.0,Chittaranjan Park
1600.0,3,3.0,2.0,33500000,20938.0,Chittaranjan Park
2600.0,4,5.0,3.0,62500000,24038.0,Chittaranjan Park
1700.0,3,3.0,2.0,47500000,27941.0,Chittaranjan Park
1116.0,3,3.0,1.0,14700000,13172.0,Chittaranjan Park
1070.0,2,3.0,1.0,18000000,16822.0,Chittaranjan Park
1200.0,3,3.0,1.0,22500000,18750.0,Chittaranjan Park
1200.0,3,3.0,1.0,22000000,18333.0,Chittaranjan Park
1200.0,3,3.0,1.0,22200000,18500.0,other
1450.0,3,3.0,1.0,22500000,15517.0,Chittaranjan Park
1000.0,2,2.0,1.0,7500000,7500.0,Chittaranjan Park
2430.0,4,4.0,5.0,30000000,12346.0,other
945.0,2,1.0,5.0,6500000,6878.0,Chittaranjan Park
1650.0,3,3.0,5.0,35000000,21212.0,Chittaranjan Park
1350.0,3,2.0,1.0,17500000,12963.0,Kalkaji
2625.0,4,5.0,2.0,60000000,22857.0,Chittaranjan Park
1800.0,4,4.0,2.0,40000000,22222.0,Chittaranjan Park
1440.0,3,3.0,2.0,22500000,15625.0,Chittaranjan Park
1900.0,3,4.0,2.0,28500000,15000.0,Chittaranjan Park
1800.0,3,3.0,2.0,29000000,16111.0,Chittaranjan Park
1200.0,3,2.0,1.0,15500000,12917.0,Chittaranjan Park
1800.0,3,3.0,1.0,26000000,14444.0,Kalkaji
1200.0,3,3.0,1.0,16500000,13750.0,Chittaranjan Park
4118.0,4,5.0,3.0,55000000,13356.0,Chittaranjan Park
1050.0,3,2.0,3.0,12500000,11905.0,Chittaranjan Park
990.0,2,2.0,1.0,11500000,11616.0,other
11050.0,3,3.0,1.0,18500000,1674.0,Chittaranjan Park
